set foreign_key_checks = 0;
truncate table letsfutsal.user;
truncate table letsfutsal.team;
truncate table letsfutsal.team_member;
truncate table letsfutsal.entity;
truncate table letsfutsal.stadium;
truncate table letsfutsal.game_match;
truncate table letsfutsal.match_individual_players;
truncate table letsfutsal.match_team_participants;
truncate table letsfutsal.free_board;
truncate table letsfutsal.free_board_category;
truncate table letsfutsal.free_board_comment;
set foreign_key_checks = 1;

-- user
insert into letsfutsal.user (email, password, nickname, gender, preferred_position, introduction, point, grade)
values ('user1@letsfutsal.test', '12minjun@12', '김민준', 'MALE', 'FW', '안녕하세요. 김민준입니다. 공격을 좋아합니다.', 120, 2),
       ('user2@letsfutsal.test', '12seojun@12', '이서준', 'MALE', 'MF', '이서준입니다. 패스와 스피드가 장점입니다.', 90, 1),
       ('user3@letsfutsal.test', '12dohyeon@12', '박도현', 'MALE', 'DF', '수비형 미드필더 경험이 있습니다.', 200, 3),
       ('user4@letsfutsal.test', '12jihu@12', '최지후', 'MALE', 'GK', '골키퍼 전문입니다.', 150, 2),
       ('user5@letsfutsal.test', '12hyeonu@12', '정현우', 'MALE', 'FW', '슛이 자신있습니다.', 60, 0),
       ('user6@letsfutsal.test', '12junho@12', '윤준호', 'MALE', 'MF', '중원 장악이 장점입니다.', 80, 1),
       ('user7@letsfutsal.test', '12donghyeon@12', '조동현', 'MALE', 'FW', '속도가 빠릅니다.', 30, 0),
       ('user8@letsfutsal.test', '12jaewon@12', '강재원', 'MALE', 'DF', '공중볼 정리 잘합니다.', 110, 2),
       ('user9@letsfutsal.test', '12seunghyeon@12', '장승현', 'MALE', 'MF', '크로스 정확도가 높습니다.', 75, 1),
       ('user10@letsfutsal.test', '12minsu@12', '임민수', 'MALE', 'FW', '침착한 플레이를 합니다.', 50, 0),
       ('user11@letsfutsal.test', '12jimin@12', '한지민', 'FEMALE', 'MF', '공격형 미드필더입니다.', 95, 2),
       ('user12@letsfutsal.test', '12suhyeon@12', '오수현', 'FEMALE', 'DF', '수비 경험이 많습니다.', 60, 1),
       ('user13@letsfutsal.test', '12yejin@12', '서예진', 'FEMALE', 'FW', '골 넣는 걸 좋아해요.', 30, 0),
       ('user14@letsfutsal.test', '12seoyeon@12', '신서연', 'FEMALE', 'GK', '골키퍼로 안정적입니다.', 140, 3),
       ('user15@letsfutsal.test', '12jiu@12', '권지우', 'FEMALE', 'MF', '패스 플레이를 좋아합니다.', 85, 1),
       ('user16@letsfutsal.test', '12eunseo@12', '황은서', 'FEMALE', 'DF', '수비수로 뛰었습니다.', 55, 0),
       ('user17@letsfutsal.test', '12yujin@12', '안유진', 'FEMALE', 'FW', '속도와 드리블 강점.', 65, 1),
       ('user18@letsfutsal.test', '12hyejin@12', '송혜진', 'FEMALE', 'MF', '중원 컨트롤이 좋습니다.', 100, 2),
       ('user19@letsfutsal.test', '12minjae@12', '류민재', 'MALE', 'FW', '득점력 있습니다.', 130, 3),
       ('user20@letsfutsal.test', '12junho@12', '백준호', 'MALE', 'DF', '수비 조직력이 좋습니다.', 40, 0),
       ('user21@letsfutsal.test', '12donghyeon@12', '유동현', 'MALE', 'MF', '플레이메이커입니다.', 170, 3),
       ('user22@letsfutsal.test', '12minsu@12', '심민수', 'MALE', 'FW', '침착한 마무리.', 45, 0),
       ('user23@letsfutsal.test', '12seohyeon@12', '노서현', 'FEMALE', 'DF', '수비와 빌드업에 능함.', 95, 2),
       ('user24@letsfutsal.test', '12junho@12', '하준호', 'MALE', 'GK', '안정적인 선방 많음.', 110, 2),
       ('user25@letsfutsal.test', '12jihu@12', '전지후', 'MALE', 'MF', '테크닉이 좋습니다.', 70, 1),
       ('user26@letsfutsal.test', '12donghyeon@12', '홍동현', 'MALE', 'FW', '결정력 있습니다.', 95, 2),
       ('user27@letsfutsal.test', '12jaewon@12', '고재원', 'MALE', 'DF', '빠른 스피드 수비.', 30, 0),
       ('user28@letsfutsal.test', '12seonghyeon@12', '문성현', 'MALE', 'MF', '중원에서 플레이합니다.', 85, 1),
       ('user29@letsfutsal.test', '12minjae@12', '양민재', 'MALE', 'FW', '활발한 공격수.', 60, 0),
       ('user30@letsfutsal.test', '12yujin@12', '손유진', 'FEMALE', 'DF', '수비 안정적.', 40, 0),
       ('user31@letsfutsal.test', '12jimin@12', '배지민', 'FEMALE', 'MF', '기술 좋은 미드필더.', 115, 2),
       ('user32@letsfutsal.test', '12haneul@12', '정하늘', 'FEMALE', 'FW', '침착한 연계 플레이.', 55, 1),
       ('user33@letsfutsal.test', '12seoyun@12', '김서윤', 'FEMALE', 'DF', '수비 안정감이 있습니다.', 75, 1),
       ('user34@letsfutsal.test', '12doyun@12', '이도윤', 'MALE', 'GK', '골키퍼 출신.', 130, 3),
       ('user35@letsfutsal.test', '12jihu@12', '박지후', 'MALE', 'FW', '득점 본능.', 140, 3),
       ('user36@letsfutsal.test', '12minseong@12', '최민성', 'MALE', 'MF', '팀 플레이를 중시합니다.', 60, 0),
       ('user37@letsfutsal.test', '12donggeon@12', '정동건', 'MALE', 'DF', '수비형 선수입니다.', 95, 2),
       ('user38@letsfutsal.test', '12seou@12', '윤서우', 'FEMALE', 'FW', '빠른 윙어.', 80, 1),
       ('user39@letsfutsal.test', '12minseo@12', '조민서', 'FEMALE', 'MF', '패스 능력 좋음.', 50, 0),
       ('user40@letsfutsal.test', '12harin@12', '강하린', 'FEMALE', 'DF', '수비 보완에 능함.', 85, 2),
       ('user41@letsfutsal.test', '12dohyeon@12', '장도현', 'MALE', 'FW', '결정력 있는 공격수.', 125, 3),
       ('user42@letsfutsal.test', '12yujin@12', '임유진', 'FEMALE', 'MF', '유연한 플레이어.', 65, 1),
       ('user43@letsfutsal.test', '12seoyun@12', '한서윤', 'FEMALE', 'DF', '수비 전문.', 35, 0),
       ('user44@letsfutsal.test', '12junho@12', '오준호', 'MALE', 'GK', '키가 큽니다.', 120, 2),
       ('user45@letsfutsal.test', '12minjae@12', '서민재', 'MALE', 'MF', '패스와 시야가 좋음.', 90, 2),
       ('user46@letsfutsal.test', '12donghyeon@12', '신동현', 'MALE', 'FW', '창의적인 공격수.', 55, 0),
       ('user47@letsfutsal.test', '12hajun@12', '권하준', 'MALE', 'DF', '강한 태클 보유.', 80, 1),
       ('user48@letsfutsal.test', '12jihun@12', '황지훈', 'MALE', 'MF', '테크니션.', 100, 2),
       ('user49@letsfutsal.test', '12minho@12', '안민호', 'MALE', 'FW', '침착한 마무리.', 70, 1),
       ('user50@letsfutsal.test', '12doyun@12', '송도윤', 'FEMALE', 'DF', '수비형 윙백.', 45, 0),
       ('user51@letsfutsal.test', '12hayeong@12', '류하영', 'FEMALE', 'MF', '기술이 좋습니다.', 110, 2),
       ('user52@letsfutsal.test', '12jiu@12', '백지우', 'FEMALE', 'FW', '득점원.', 95, 2),
       ('user53@letsfutsal.test', '12seongmin@12', '유성민', 'MALE', 'DF', '수비 안정감.', 40, 0),
       ('user54@letsfutsal.test', '12hyeonu@12', '심현우', 'MALE', 'MF', '미드필더 자원.', 85, 1),
       ('user55@letsfutsal.test', '12junho@12', '노준호', 'MALE', 'FW', '속도형 공격수.', 60, 0),
       ('user56@letsfutsal.test', '12minjae@12', '하민재', 'MALE', 'DF', '빌드업에 능함.', 75, 1),
       ('user57@letsfutsal.test', '12seoyun@12', '전서윤', 'FEMALE', 'GK', '안정적인 반응속도.', 120, 2),
       ('user58@letsfutsal.test', '12seohyeon@12', '홍서현', 'FEMALE', 'MF', '공간 창출 능력.', 55, 0),
       ('user59@letsfutsal.test', '12minjun@12', '고민준', 'MALE', 'FW', '침착한 마무리.', 105, 2),
       ('user60@letsfutsal.test', '12jihu@12', '문지후', 'MALE', 'DF', '수비 안정형.', 35, 0),
       ('user61@letsfutsal.test', '12seoyun@12', '양서윤', 'FEMALE', 'FW', '드리블 장점.', 85, 1),
       ('user62@letsfutsal.test', '12minjae@12', '손민재', 'MALE', 'MF', '중원 장악.', 100, 2),
       ('user63@letsfutsal.test', '12donghyeon@12', '배동현', 'MALE', 'DF', '공중볼 강함.', 90, 2),
       ('user64@letsfutsal.test', '12yujin@12', '정유진', 'FEMALE', 'GK', '신속한 선방.', 130, 3),
       ('user65@letsfutsal.test', '12yerin@12', '김예린', 'FEMALE', 'MF', '패스와 시야', 60, 0),
       ('user66@letsfutsal.test', '12dohyeon@12', '이도현', 'MALE', 'FW', '침착한 마무리.', 115, 2),
       ('user67@letsfutsal.test', '12haneul@12', '박하늘', 'FEMALE', 'DF', '수비 집중력 우수.', 70, 1),
       ('user68@letsfutsal.test', '12jihun@12', '최지훈', 'MALE', 'MF', '연결 플레이가 장점.', 50, 0),
       ('user69@letsfutsal.test', '12seoyun@12', '정서윤', 'FEMALE', 'FW', '침착한 공격 전개.', 95, 2),
       ('user70@letsfutsal.test', '12minsu@12', '윤민수', 'MALE', 'DF', '수비 안정성.', 40, 0),
       ('user71@letsfutsal.test', '12harin@12', '조하린', 'FEMALE', 'MF', '플레이메이킹 능력.', 85, 1),
       ('user72@letsfutsal.test', '12doyun@12', '강도윤', 'MALE', 'FW', '골 결정력.', 125, 3),
       ('user73@letsfutsal.test', '12minjun@12', '장민준', 'MALE', 'DF', '수비 조직화.', 60, 0),
       ('user74@letsfutsal.test', '12seoyun@12', '임서윤', 'FEMALE', 'GK', '반응속도 우수.', 140, 3),
       ('user75@letsfutsal.test', '12donghyeon@12', '한동현', 'MALE', 'MF', '중원 안정감.', 95, 2),
       ('user76@letsfutsal.test', '12jihu@12', '오지후', 'MALE', 'FW', '득점 감각.', 55, 0),
       ('user77@letsfutsal.test', '12hayun@12', '서하윤', 'FEMALE', 'DF', '꾸준한 수비력.', 80, 1),
       ('user78@letsfutsal.test', '12minjae@12', '신민재', 'MALE', 'MF', '패싱 능력 우수.', 100, 2),
       ('user79@letsfutsal.test', '12minjun@12', '권민준', 'MALE', 'FW', '침착한 마무리.', 70, 1),
       ('user80@letsfutsal.test', '12seoyun@12', '황서윤', 'FEMALE', 'DF', '수비 안정성.', 45, 0),
       ('user81@letsfutsal.test', '12donghyeon@12', '안동현', 'MALE', 'MF', '창의적 전개.', 110, 2),
       ('user82@letsfutsal.test', '12minjae@12', '송민재', 'MALE', 'FW', '골 결정력 있음.', 95, 2),
       ('user83@letsfutsal.test', '12jihu@12', '류지후', 'MALE', 'DF', '수비 전술 이해도 높음.', 50, 0),
       ('user84@letsfutsal.test', '12haneul@12', '백하늘', 'FEMALE', 'GK', '안정적인 골키퍼입니다.', 130, 3),
       ('user85@letsfutsal.test', '12seoyun@12', '유서윤', 'FEMALE', 'MF', '중원 장악능력 보유.', 75, 1),
       ('user86@letsfutsal.test', '12minjae@12', '심민재', 'MALE', 'FW', '속도와 마무리.', 60, 0),
       ('user87@letsfutsal.test', '12jihun@12', '노지훈', 'MALE', 'DF', '수비 조율 가능.', 85, 1),
       ('user88@letsfutsal.test', '12seoyun@12', '하서윤', 'FEMALE', 'FW', '득점 능력 있음.', 105, 2),
       ('user89@letsfutsal.test', '12minjae@12', '전민재', 'MALE', 'MF', '팀의 윤활유 역할.', 90, 2),
       ('user90@letsfutsal.test', '12jihu@12', '홍지후', 'MALE', 'DF', '수비형 풀백.', 40, 0),
       ('user91@letsfutsal.test', '12seoyun@12', '고서윤', 'FEMALE', 'GK', '안정감 높은 골키퍼.', 120, 2),
       ('user92@letsfutsal.test', '12minjun@12', '문민준', 'MALE', 'MF', '유연한 운동능력.', 65, 1),
       ('user93@letsfutsal.test', '12jihu@12', '양지후', 'MALE', 'FW', '침착한 마무리능력.', 115, 2),
       ('user94@letsfutsal.test', '12hayun@12', '손하윤', 'FEMALE', 'DF', '체력 우수.', 55, 0),
       ('user95@letsfutsal.test', '12minjae@12', '배민재', 'MALE', 'MF', '전술 이해도 높음.', 95, 2),
       ('user96@letsfutsal.test', '12jihu@12', '정지후', 'MALE', 'FW', '득점력 특화.', 140, 3),
       ('user97@letsfutsal.test', '12haeun@12', '김하은', 'FEMALE', 'DF', '수비 안정형.', 70, 1),
       ('user98@letsfutsal.test', '12minjae@12', '이민재', 'MALE', 'MF', '패스 연결 잘함.', 85, 1),
       ('user99@letsfutsal.test', '12seoyun@12', '박서윤', 'FEMALE', 'FW', '위협적인 윙어.', 60, 0),
       ('user100@letsfutsal.test', '12minjun@12', '최민준', 'MALE', 'GK', '골키퍼로서 경험 풍부합니다.', 160, 3);

-- team
insert into letsfutsal.team (team_name, leader_id, gender, min_grade, max_grade, region, introduction)
values ('서울 드래곤즈', 1, 'BOTH', 1, 3, '서울', '서울 기반의 아마추어 팀입니다. 경쟁적이지만 화목합니다.'),
       ('서울 블루윙스', 2, 'BOTH', 0, 2, '서울', '초중급 선수 환영합니다.'),
       ('서울 스트라이커스', 3, 'MALE', 1, 3, '서울', '공격 중심 훈련을 합니다.'),
       ('경기 산울림FC', 4, 'MALE', 0, 2, '경기', '젊은 선수 중심 팀입니다.'),
       ('경기 레인보우', 5, 'FEMALE', 0, 2, '경기', '여성 중심의 친목 팀입니다.'),
       ('경기 탄천유나이티드', 6, 'BOTH', 1, 3, '경기', '탄천에서 모이는 팀입니다.'),
       ('강원 알파', 7, 'MALE', 0, 3, '강원', '강원 지역 대표 아마추어 팀.'),
       ('강원 하이킥', 8, 'FEMALE', 0, 2, '강원', '여성 선수 중심 활동.'),
       ('충북 라이온즈', 9, 'MALE', 1, 3, '충북', '충북 지역 강팀.'),
       ('충북 히어로즈', 10, 'BOTH', 0, 2, '충북', '지역 봉사와 연계 활동 중.'),
       ('충남 파워', 11, 'MALE', 0, 3, '충남', '파워풀한 플레이를 지향합니다.'),
       ('충남 블랙버드', 12, 'FEMALE', 0, 2, '충남', '여성 선수들로 구성.'),
       ('전북 골든', 13, 'BOTH', 0, 3, '전북', '전북 지역 선수 모임.'),
       ('전북 드리미', 14, 'MALE', 0, 2, '전북', '꿈을 위해 모였습니다.'),
       ('전남 해적단', 15, 'MALE', 1, 3, '전남', '전남 거주 선수 위주.'),
       ('전남 퍼스트', 16, 'FEMALE', 0, 2, '전남', '초급 환영합니다.'),
       ('경북 라이언즈', 17, 'MALE', 1, 3, '경북', '지역 리그 참가 중.'),
       ('경북 드림', 18, 'BOTH', 0, 2, '경북', '젊은 팀입니다.'),
       ('경남 오션', 19, 'MALE', 0, 3, '경남', '해안 지역 기반 팀.'),
       ('경남 썬더', 20, 'FEMALE', 0, 2, '경남', '여성 선수 친목팀.'),
       ('제주 스타즈', 21, 'BOTH', 0, 3, '제주', '제주 섬에 기반한 팀입니다.'),
       ('제주 돌핀', 22, 'MALE', 0, 2, '제주', '해안 훈련 자주 합니다.'),
       ('서울 노스사이드', 23, 'BOTH', 0, 3, '서울', '북부 지역 팀입니다.'),
       ('경기 센트럴', 24, 'MALE', 0, 2, '경기', '중원 장악형 팀.'),
       ('강원 스톰', 25, 'MALE', 1, 3, '강원', '적극적 수비가 특징.'),
       ('충북 썬샤인', 26, 'FEMALE', 0, 2, '충북', '밝고 즐거운 분위기.'),
       ('충남 레포츠', 27, 'BOTH', 0, 3, '충남', '가족같은 팀입니다.'),
       ('전북 레전드', 28, 'MALE', 1, 3, '전북', '경험 많은 선수들로 구성.'),
       ('전남 그린필드', 29, 'BOTH', 0, 2, '전남', '초중급 환영.'),
       ('경북 차세대', 30, 'MALE', 0, 3, '경북', '젊은 선수층 다수.'),
       ('경남 시티', 31, 'BOTH', 0, 2, '경남', '지역사회 연계 팀.'),
       ('서울 이스트', 32, 'MALE', 0, 3, '서울', '동부지역 선수 중심.'),
       ('경기 웨스트', 33, 'BOTH', 0, 2, '경기', '서부권 기반 팀입니다.'),
       ('강원 아이스', 34, 'MALE', 0, 3, '강원', '강원 특성상 강한 체력.'),
       ('충북 포레스트', 35, 'BOTH', 0, 2, '충북', '자연 근접 지역 팀.'),
       ('충남 클릭', 36, 'MALE', 0, 3, '충남', '클리닉 중심 훈련.'),
       ('전북 썬더볼트', 37, 'FEMALE', 0, 2, '전북', '활기찬 여성팀.'),
       ('전남 블루웨이브', 38, 'MALE', 0, 3, '전남', '공격적 스타일.'),
       ('경북 하모니', 39, 'BOTH', 0, 2, '경북', '조화로운 팀 문화.'),
       ('경남 메트로', 40, 'MALE', 0, 3, '경남', '도심형 팀.'),
       ('제주 레인', 41, 'FEMALE', 0, 2, '제주', '제주 여성팀입니다.'),
       ('서울 서포터즈', 42, 'BOTH', 0, 3, '서울', '응원문화와 연계.'),
       ('경기 챔피언스', 43, 'MALE', 1, 3, '경기', '경기권 강팀.'),
       ('강원 엘리트', 44, 'MALE', 0, 2, '강원', '엘리트 트레이닝 지향.'),
       ('충북 드림팀', 45, 'BOTH', 0, 3, '충북', '꿈을 함께합니다.'),
       ('충남 스피릿', 46, 'FEMALE', 0, 2, '충남', '여성 중심 커뮤니티.'),
       ('전북 유나이티드', 47, 'MALE', 0, 3, '전북', '동호회 연합 팀.'),
       ('전남 챌린저', 48, 'BOTH', 0, 2, '전남', '도전적 정신.'),
       ('경북 스타트', 49, 'MALE', 0, 3, '경북', '신인 중심 팀.'),
       ('경남 하이플라이', 50, 'BOTH', 0, 2, '경남', '공중볼 강점.');

-- team_member
insert into letsfutsal.team_member (team_id, user_id)
values (1, 1),
       (1, 5),
       (1, 8),
       (1, 19),
       (1, 41),
       (2, 2),
       (2, 6),
       (2, 9),
       (2, 21),
       (2, 45),
       (3, 3),
       (3, 7),
       (3, 26),
       (3, 35),
       (3, 72),
       (4, 4),
       (4, 10),
       (4, 24),
       (4, 44),
       (4, 68),
       (5, 5),
       (5, 11),
       (5, 15),
       (5, 31),
       (5, 52),
       (6, 6),
       (6, 12),
       (6, 22),
       (6, 28),
       (6, 62),
       (7, 7),
       (7, 13),
       (7, 25),
       (7, 27),
       (7, 34),
       (8, 8),
       (8, 14),
       (8, 32),
       (8, 40),
       (8, 74),
       (9, 9),
       (9, 16),
       (9, 20),
       (9, 63),
       (9, 73),
       (10, 10),
       (10, 17),
       (10, 23),
       (10, 30),
       (10, 56),
       (11, 11),
       (11, 18),
       (11, 29),
       (11, 33),
       (11, 49),
       (12, 12),
       (12, 19),
       (12, 36),
       (12, 50),
       (12, 77),
       (13, 13),
       (13, 21),
       (13, 37),
       (13, 51),
       (13, 84),
       (14, 14),
       (14, 26),
       (14, 38),
       (14, 47),
       (14, 66),
       (15, 15),
       (15, 39),
       (15, 60),
       (15, 72),
       (15, 96),
       (16, 16),
       (16, 41),
       (16, 53),
       (16, 65),
       (16, 82),
       (17, 17),
       (17, 24),
       (17, 34),
       (17, 63),
       (17, 93),
       (18, 18),
       (18, 29),
       (18, 45),
       (18, 58),
       (18, 79),
       (19, 19),
       (19, 30),
       (19, 48),
       (19, 59),
       (19, 82),
       (20, 20),
       (20, 31),
       (20, 46),
       (20, 70),
       (20, 99),
       (21, 21),
       (21, 42),
       (21, 57),
       (21, 84),
       (21, 91),
       (22, 22),
       (22, 33),
       (22, 50),
       (22, 61),
       (22, 88),
       (23, 23),
       (23, 35),
       (23, 47),
       (23, 71),
       (23, 95),
       (24, 24),
       (24, 36),
       (24, 54),
       (24, 69),
       (24, 100),
       (25, 25),
       (25, 37),
       (25, 55),
       (25, 83),
       (25, 92),
       (26, 26),
       (26, 38),
       (26, 60),
       (26, 64),
       (26, 86),
       (27, 27),
       (27, 39),
       (27, 52),
       (27, 74),
       (27, 90),
       (28, 28),
       (28, 40),
       (28, 53),
       (28, 67),
       (28, 73),
       (29, 29),
       (29, 54),
       (29, 58),
       (29, 76),
       (29, 89),
       (30, 30),
       (30, 61),
       (30, 62),
       (30, 81),
       (30, 93),
       (31, 31),
       (31, 56),
       (31, 65),
       (31, 85),
       (31, 97),
       (32, 32),
       (32, 57),
       (32, 68),
       (32, 75),
       (32, 98),
       (33, 33),
       (33, 59),
       (33, 69),
       (33, 70),
       (33, 94),
       (34, 34),
       (34, 71),
       (34, 76),
       (34, 77),
       (34, 88),
       (35, 35),
       (35, 72),
       (35, 78),
       (35, 79),
       (35, 86),
       (36, 36),
       (36, 73),
       (36, 80),
       (36, 87),
       (36, 92),
       (37, 37),
       (37, 74),
       (37, 81),
       (37, 90),
       (37, 96),
       (38, 38),
       (38, 75),
       (38, 82),
       (38, 89),
       (38, 99),
       (39, 39),
       (39, 76),
       (39, 83),
       (39, 91),
       (39, 97),
       (40, 40),
       (40, 77),
       (40, 84),
       (40, 95),
       (40, 98),
       (41, 41),
       (41, 78),
       (41, 85),
       (41, 86),
       (41, 92),
       (42, 42),
       (42, 79),
       (42, 88),
       (42, 89),
       (42, 100),
       (43, 43),
       (43, 80),
       (43, 90),
       (43, 91),
       (43, 94),
       (44, 44),
       (44, 81),
       (44, 92),
       (44, 93),
       (44, 99),
       (45, 45),
       (45, 82),
       (45, 83),
       (45, 84),
       (45, 96),
       (46, 46),
       (46, 85),
       (46, 86),
       (46, 87),
       (46, 98),
       (47, 47),
       (47, 88),
       (47, 89),
       (47, 90),
       (47, 97),
       (48, 48),
       (48, 91),
       (48, 92),
       (48, 93),
       (48, 99),
       (49, 49),
       (49, 94),
       (49, 95),
       (49, 96),
       (49, 100),
       (50, 50),
       (50, 97),
       (50, 98),
       (50, 99),
       (50, 100);

-- stadium
insert into letsfutsal.stadium (region, name, location, start_hour, end_hour, introduction)
values ('서울', '여의구장', '서울 영등포구 여의도동 1-1', '09:00:00', '22:00:00', '서울 중심의 실내구장입니다.'),
       ('경기', '불정구장', '경기 성남시 분당구 불정로 10', '09:00:00', '22:00:00', '탄천근처 야외구장입니다.'),
       ('강원', '중앙구장', '강원 춘천시 중앙로 5', '09:00:00', '22:00:00', '강원도 대표 구장.'),
       ('충북', '상당구장', '충북 청주시 상당구 상당로 12', '09:00:00', '22:00:00', '충북 지역 대표 시설.'),
       ('충남', '만남구장', '충남 천안시 동남구 만남로 3', '09:00:00', '22:00:00', '충남 지역 야외구장.'),
       ('전북', '완산구장', '전북 전주시 완산구 경기전길 6', '09:00:00', '22:00:00', '전북 지역 구장입니다.'),
       ('전남', '순천구장', '전남 순천시 연향동 20', '09:00:00', '22:00:00', '전남 지역 구장.'),
       ('경북', '용흥구장', '경북 포항시 북구 용흥로 8', '09:00:00', '22:00:00', '경북 지역 구장.'),
       ('경남', '성산구장', '경남 창원시 성산구 중앙대로 15', '09:00:00', '22:00:00', '경남 대표 구장.'),
       ('제주', '제주구장', '제주 제주시 연동 33', '09:00:00', '22:00:00', '제주 섬의 야외구장입니다.');

-- game_match
insert into letsfutsal.game_match (stadium_id, renter_entity_id, match_type, match_datetime, gender, min_grade, max_grade, status)
values (1, null, 'INDIVIDUAL', '2025-12-20 09:00:00', 'BOTH', 0, 3, 0),
       (1, (select entity_id from letsfutsal.entity where team_id = 1), 'TEAM', '2025-12-20 14:00:00', 'BOTH', 1, 3, 0),
       (2, null, 'INDIVIDUAL', '2025-12-20 09:00:00', 'MALE', 0, 2, 0),
       (2, (select entity_id from letsfutsal.entity where team_id = 2), 'TEAM', '2025-12-20 14:00:00', 'MALE', 0, 3, 0),
       (3, null, 'INDIVIDUAL', '2025-12-20 09:00:00', 'FEMALE', 0, 2, 0),
       (3, (select entity_id from letsfutsal.entity where team_id = 3), 'TEAM', '2025-12-20 14:00:00', 'FEMALE', 0, 3, 0),
       (4, null, 'INDIVIDUAL', '2025-12-20 09:00:00', 'BOTH', 0, 3, 0),
       (4, 101, 'RENT', '2025-12-20 14:00:00', 'BOTH', 0, 3, 0),
       (5, null, 'INDIVIDUAL', '2025-12-20 09:00:00', 'MALE', 0, 2, 0),
       (5, (select entity_id from letsfutsal.entity where team_id = 5), 'TEAM', '2025-12-20 14:00:00', 'MALE', 0, 3, 0),
       (6, null, 'INDIVIDUAL', '2025-12-21 09:00:00', 'BOTH', 0, 3, 0),
       (6, (select entity_id from letsfutsal.entity where team_id = 6), 'TEAM', '2025-12-21 14:00:00', 'BOTH', 0, 3, 0),
       (7, null, 'INDIVIDUAL', '2025-12-21 09:00:00', 'FEMALE', 0, 2, 0),
       (7, (select entity_id from letsfutsal.entity where team_id = 7), 'TEAM', '2025-12-21 14:00:00', 'FEMALE', 0, 3, 0),
       (8, null, 'INDIVIDUAL', '2025-12-21 09:00:00', 'MALE', 0, 3, 0),
       (8, (select entity_id from letsfutsal.entity where team_id = 8), 'TEAM', '2025-12-21 14:00:00', 'MALE', 0, 3, 0),
       (9, null, 'INDIVIDUAL', '2025-12-21 09:00:00', 'BOTH', 0, 3, 0),
       (9, (select entity_id from letsfutsal.entity where team_id = 9), 'TEAM', '2025-12-21 14:00:00', 'BOTH', 0, 3, 0),
       (10, null, 'INDIVIDUAL', '2025-12-21 09:00:00', 'FEMALE', 0, 2, 0),
       (10, 102, 'RENT', '2025-12-21 14:00:00', 'FEMALE', 0, 3, 0),
       (1, null, 'INDIVIDUAL', '2025-12-22 09:00:00', 'BOTH', 0, 3, 0),
       (1, (select entity_id from letsfutsal.entity where team_id = 11), 'TEAM', '2025-12-22 14:00:00', 'BOTH', 0, 2, 0),
       (2, null, 'INDIVIDUAL', '2025-12-22 09:00:00', 'MALE', 0, 3, 0),
       (2, (select entity_id from letsfutsal.entity where team_id = 12), 'TEAM', '2025-12-22 14:00:00', 'MALE', 0, 2, 0),
       (3, null, 'INDIVIDUAL', '2025-12-22 09:00:00', 'FEMALE', 0, 3, 0),
       (3, 103, 'RENT', '2025-12-22 14:00:00', 'FEMALE', 0, 3, 0),
       (4, null, 'INDIVIDUAL', '2025-12-22 09:00:00', 'BOTH', 0, 3, 0),
       (4, (select entity_id from letsfutsal.entity where team_id = 14), 'TEAM', '2025-12-22 14:00:00', 'BOTH', 0, 2, 0),
       (5, null, 'INDIVIDUAL', '2025-12-22 09:00:00', 'MALE', 0, 3, 0),
       (5, (select entity_id from letsfutsal.entity where team_id = 15), 'TEAM', '2025-12-22 14:00:00', 'MALE', 0, 3, 0),
       (6, null, 'INDIVIDUAL', '2025-12-23 09:00:00', 'BOTH', 0, 3, 0),
       (6, (select entity_id from letsfutsal.entity where team_id = 16), 'TEAM', '2025-12-23 14:00:00', 'BOTH', 0, 2, 0),
       (7, null, 'INDIVIDUAL', '2025-12-23 09:00:00', 'FEMALE', 0, 3, 0),
       (7, (select entity_id from letsfutsal.entity where team_id = 17), 'TEAM', '2025-12-23 14:00:00', 'FEMALE', 0, 3, 0),
       (8, null, 'INDIVIDUAL', '2025-12-23 09:00:00', 'MALE', 0, 2, 0),
       (8, 104, 'RENT', '2025-12-23 14:00:00', 'MALE', 0, 3, 0),
       (9, null, 'INDIVIDUAL', '2025-12-23 09:00:00', 'BOTH', 0, 3, 0),
       (9, (select entity_id from letsfutsal.entity where team_id = 19), 'TEAM', '2025-12-23 14:00:00', 'BOTH', 0, 2, 0),
       (10, null, 'INDIVIDUAL', '2025-12-23 09:00:00', 'FEMALE', 0, 3, 0),
       (10, (select entity_id from letsfutsal.entity where team_id = 20), 'TEAM', '2025-12-23 14:00:00', 'FEMALE', 0, 2, 0),
       (1, null, 'INDIVIDUAL', '2025-12-24 09:00:00', 'BOTH', 0, 3, 0),
       (1, 105, 'RENT', '2025-12-24 14:00:00', 'BOTH', 0, 3, 0),
       (2, null, 'INDIVIDUAL', '2025-12-24 09:00:00', 'MALE', 0, 2, 0),
       (2, (select entity_id from letsfutsal.entity where team_id = 22), 'TEAM', '2025-12-24 14:00:00', 'MALE', 0, 3, 0),
       (3, null, 'INDIVIDUAL', '2025-12-24 09:00:00', 'FEMALE', 0, 3, 0),
       (3, (select entity_id from letsfutsal.entity where team_id = 23), 'TEAM', '2025-12-24 14:00:00', 'FEMALE', 0, 2, 0),
       (4, null, 'INDIVIDUAL', '2025-12-24 09:00:00', 'BOTH', 0, 3, 0),
       (4, 106, 'RENT', '2025-12-24 14:00:00', 'BOTH', 0, 3, 0),
       (5, null, 'INDIVIDUAL', '2025-12-24 09:00:00', 'MALE', 0, 2, 0),
       (5, (select entity_id from letsfutsal.entity where team_id = 25), 'TEAM', '2025-12-24 14:00:00', 'MALE', 0, 3, 0),
       (6, null, 'INDIVIDUAL', '2025-12-25 09:00:00', 'BOTH', 0, 3, 0),
       (6, 107, 'RENT', '2025-12-25 14:00:00', 'BOTH', 0, 3, 0),
       (7, null, 'INDIVIDUAL', '2025-12-25 09:00:00', 'FEMALE', 0, 2, 0),
       (7, (select entity_id from letsfutsal.entity where team_id = 27), 'TEAM', '2025-12-25 14:00:00', 'FEMALE', 0, 3, 0),
       (8, null, 'INDIVIDUAL', '2025-12-25 09:00:00', 'MALE', 0, 3, 0),
       (8, (select entity_id from letsfutsal.entity where team_id = 28), 'TEAM', '2025-12-25 14:00:00', 'MALE', 0, 2, 0),
       (9, null, 'INDIVIDUAL', '2025-12-25 09:00:00', 'BOTH', 0, 3, 0),
       (9, 108, 'RENT', '2025-12-25 14:00:00', 'BOTH', 0, 3, 0),
       (10, null, 'INDIVIDUAL', '2025-12-25 09:00:00', 'FEMALE', 0, 2, 0),
       (10, (select entity_id from letsfutsal.entity where team_id = 30), 'TEAM', '2025-12-25 14:00:00', 'FEMALE', 0, 3, 0),
       (1, null, 'INDIVIDUAL', '2025-12-26 09:00:00', 'BOTH', 0, 3, 0),
       (1, 109, 'RENT', '2025-12-26 14:00:00', 'BOTH', 0, 3, 0),
       (2, null, 'INDIVIDUAL', '2025-12-26 09:00:00', 'MALE', 0, 2, 0),
       (2, (select entity_id from letsfutsal.entity where team_id = 32), 'TEAM', '2025-12-26 14:00:00', 'MALE', 0, 3, 0),
       (3, null, 'INDIVIDUAL', '2025-12-26 09:00:00', 'FEMALE', 0, 3, 0),
       (3, (select entity_id from letsfutsal.entity where team_id = 33), 'TEAM', '2025-12-26 14:00:00', 'FEMALE', 0, 2, 0),
       (4, null, 'INDIVIDUAL', '2025-12-26 09:00:00', 'BOTH', 0, 3, 0),
       (4, 110, 'RENT', '2025-12-26 14:00:00', 'BOTH', 0, 3, 0),
       (5, null, 'INDIVIDUAL', '2025-12-26 09:00:00', 'MALE', 0, 2, 0),
       (5, (select entity_id from letsfutsal.entity where team_id = 35), 'TEAM', '2025-12-26 14:00:00', 'MALE', 0, 3, 0),
       (6, null, 'INDIVIDUAL', '2025-12-27 09:00:00', 'BOTH', 0, 3, 0),
       (6, 111, 'RENT', '2025-12-27 14:00:00', 'BOTH', 0, 3, 0),
       (7, null, 'INDIVIDUAL', '2025-12-27 09:00:00', 'FEMALE', 0, 2, 0),
       (7, (select entity_id from letsfutsal.entity where team_id = 37), 'TEAM', '2025-12-27 14:00:00', 'FEMALE', 0, 3, 0),
       (8, null, 'INDIVIDUAL', '2025-12-27 09:00:00', 'MALE', 0, 3, 0),
       (8, (select entity_id from letsfutsal.entity where team_id = 38), 'TEAM', '2025-12-27 14:00:00', 'MALE', 0, 2, 0),
       (9, null, 'INDIVIDUAL', '2025-12-27 09:00:00', 'BOTH', 0, 3, 0),
       (9, 112, 'RENT', '2025-12-27 14:00:00', 'BOTH', 0, 3, 0),
       (10, null, 'INDIVIDUAL', '2025-12-27 09:00:00', 'FEMALE', 0, 2, 0),
       (10, (select entity_id from letsfutsal.entity where team_id = 40), 'TEAM', '2025-12-27 14:00:00', 'FEMALE', 0, 3, 0),
       (1, null, 'INDIVIDUAL', '2025-12-28 09:00:00', 'BOTH', 0, 3, 0),
       (1, 113, 'RENT', '2025-12-28 14:00:00', 'BOTH', 0, 3, 0),
       (2, null, 'INDIVIDUAL', '2025-12-28 09:00:00', 'MALE', 0, 2, 0),
       (2, (select entity_id from letsfutsal.entity where team_id = 42), 'TEAM', '2025-12-28 14:00:00', 'MALE', 0, 3, 0),
       (3, null, 'INDIVIDUAL', '2025-12-28 09:00:00', 'FEMALE', 0, 3, 0),
       (3, (select entity_id from letsfutsal.entity where team_id = 43), 'TEAM', '2025-12-28 14:00:00', 'FEMALE', 0, 2, 0),
       (4, null, 'INDIVIDUAL', '2025-12-28 09:00:00', 'BOTH', 0, 3, 0),
       (4, 114, 'RENT', '2025-12-28 14:00:00', 'BOTH', 0, 3, 0),
       (5, null, 'INDIVIDUAL', '2025-12-28 09:00:00', 'MALE', 0, 2, 0),
       (5, (select entity_id from letsfutsal.entity where team_id = 45), 'TEAM', '2025-12-28 14:00:00', 'MALE', 0, 3, 0),
       (6, null, 'INDIVIDUAL', '2025-12-29 09:00:00', 'BOTH', 0, 3, 0),
       (6, 115, 'RENT', '2025-12-29 14:00:00', 'BOTH', 0, 3, 0),
       (7, null, 'INDIVIDUAL', '2025-12-29 09:00:00', 'FEMALE', 0, 2, 0),
       (7, (select entity_id from letsfutsal.entity where team_id = 47), 'TEAM', '2025-12-29 14:00:00', 'FEMALE', 0, 3, 0),
       (8, null, 'INDIVIDUAL', '2025-12-29 09:00:00', 'MALE', 0, 3, 0),
       (8, (select entity_id from letsfutsal.entity where team_id = 48), 'TEAM', '2025-12-29 14:00:00', 'MALE', 0, 2, 0),
       (9, null, 'INDIVIDUAL', '2025-12-29 09:00:00', 'BOTH', 0, 3, 0),
       (9, 116, 'RENT', '2025-12-29 14:00:00', 'BOTH', 0, 3, 0),
       (10, null, 'INDIVIDUAL', '2025-12-29 09:00:00', 'FEMALE', 0, 2, 0),
       (10, (select entity_id from letsfutsal.entity where team_id = 50), 'TEAM', '2025-12-29 14:00:00', 'FEMALE', 0, 3, 0);

-- match_individual_players
insert into letsfutsal.match_individual_players (match_id, user_id)
values (1, 1),
       (1, 2),
       (1, 3),
       (1, 4),
       (1, 5),
       (1, 6),
       (3, 7),
       (3, 8),
       (3, 9),
       (3, 10),
       (3, 11),
       (3, 12),
       (5, 13),
       (5, 14),
       (5, 15),
       (5, 16),
       (5, 17),
       (5, 18),
       (7, 19),
       (7, 20),
       (7, 21),
       (7, 22),
       (7, 23),
       (7, 24),
       (9, 25),
       (9, 26),
       (9, 27),
       (9, 28),
       (9, 29),
       (9, 30),
       (11, 31),
       (11, 32),
       (11, 33),
       (11, 34),
       (11, 35),
       (11, 36),
       (13, 37),
       (13, 38),
       (13, 39),
       (13, 40),
       (13, 41),
       (13, 42),
       (15, 43),
       (15, 44),
       (15, 45),
       (15, 46),
       (15, 47),
       (15, 48),
       (17, 49),
       (17, 50),
       (17, 51),
       (17, 52),
       (17, 53),
       (17, 54),
       (19, 55),
       (19, 56),
       (19, 57),
       (19, 58),
       (19, 59),
       (19, 60),
       (21, 61),
       (21, 62),
       (21, 63),
       (21, 64),
       (21, 65),
       (21, 66),
       (23, 67),
       (23, 68),
       (23, 69),
       (23, 70),
       (23, 71),
       (23, 72),
       (25, 73),
       (25, 74),
       (25, 75),
       (25, 76),
       (25, 77),
       (25, 78),
       (27, 79),
       (27, 80),
       (27, 81),
       (27, 82),
       (27, 83),
       (27, 84),
       (29, 85),
       (29, 86),
       (29, 87),
       (29, 88),
       (29, 89),
       (29, 90),
       (31, 91),
       (31, 92),
       (31, 93),
       (31, 94),
       (31, 95),
       (31, 96),
       (33, 97),
       (33, 98),
       (33, 99),
       (33, 100),
       (33, 1),
       (33, 2),
       (35, 10),
       (35, 11),
       (35, 12),
       (35, 13),
       (35, 14),
       (35, 15),
       (37, 20),
       (37, 21),
       (37, 22),
       (37, 23),
       (37, 24),
       (37, 25),
       (39, 30),
       (39, 31),
       (39, 32),
       (39, 33),
       (39, 34),
       (39, 35),
       (41, 40),
       (41, 41),
       (41, 42),
       (41, 43),
       (41, 44),
       (41, 45),
       (43, 50),
       (43, 51),
       (43, 52),
       (43, 53),
       (43, 54),
       (43, 55),
       (45, 60),
       (45, 61),
       (45, 62),
       (45, 63),
       (45, 64),
       (45, 65),
       (47, 70),
       (47, 71),
       (47, 72),
       (47, 73),
       (47, 74),
       (47, 75),
       (49, 80),
       (49, 81),
       (49, 82),
       (49, 83),
       (49, 84),
       (49, 85),
       (51, 90),
       (51, 91),
       (51, 92),
       (51, 93),
       (51, 94),
       (51, 95),
       (53, 1),
       (53, 11),
       (53, 21),
       (53, 31),
       (53, 41),
       (53, 51),
       (55, 2),
       (55, 12),
       (55, 22),
       (55, 32),
       (55, 42),
       (55, 52),
       (57, 3),
       (57, 13),
       (57, 23),
       (57, 33),
       (57, 43),
       (57, 53),
       (59, 4),
       (59, 14),
       (59, 24),
       (59, 34),
       (59, 44),
       (59, 54),
       (61, 5),
       (61, 15),
       (61, 25),
       (61, 35),
       (61, 45),
       (61, 55),
       (63, 6),
       (63, 16),
       (63, 26),
       (63, 36),
       (63, 46),
       (63, 56),
       (65, 7),
       (65, 17),
       (65, 27),
       (65, 37),
       (65, 47),
       (65, 57),
       (67, 8),
       (67, 18),
       (67, 28),
       (67, 38),
       (67, 48),
       (67, 58),
       (69, 9),
       (69, 19),
       (69, 29),
       (69, 39),
       (69, 49),
       (69, 59),
       (71, 10),
       (71, 20),
       (71, 30),
       (71, 40),
       (71, 50),
       (71, 60),
       (73, 11),
       (73, 21),
       (73, 31),
       (73, 41),
       (73, 51),
       (73, 61),
       (75, 12),
       (75, 22),
       (75, 32),
       (75, 42),
       (75, 52),
       (75, 62),
       (77, 13),
       (77, 23),
       (77, 33),
       (77, 43),
       (77, 53),
       (77, 63),
       (79, 14),
       (79, 24),
       (79, 34),
       (79, 44),
       (79, 54),
       (79, 64),
       (81, 15),
       (81, 25),
       (81, 35),
       (81, 45),
       (81, 55),
       (81, 65),
       (83, 16),
       (83, 26),
       (83, 36),
       (83, 46),
       (83, 56),
       (83, 66),
       (85, 17),
       (85, 27),
       (85, 37),
       (85, 47),
       (85, 57),
       (85, 67),
       (87, 18),
       (87, 28),
       (87, 38),
       (87, 48),
       (87, 58),
       (87, 68),
       (89, 19),
       (89, 29),
       (89, 39),
       (89, 49),
       (89, 59),
       (89, 69),
       (91, 20),
       (91, 30),
       (91, 40),
       (91, 50),
       (91, 60),
       (91, 70),
       (93, 21),
       (93, 31),
       (93, 41),
       (93, 51),
       (93, 61),
       (93, 71),
       (95, 22),
       (95, 32),
       (95, 42),
       (95, 52),
       (95, 62),
       (95, 72),
       (97, 23),
       (97, 33),
       (97, 43),
       (97, 53),
       (97, 63),
       (97, 73),
       (99, 24),
       (99, 34),
       (99, 44),
       (99, 54),
       (99, 64),
       (99, 74);

-- match_team_participants
insert into letsfutsal.match_team_participants (match_id, team_id)
values (2, 1),
       (2, 2),
       (4, 3),
       (4, 4),
       (6, 5),
       (6, 6),
       (8, 7),
       (8, 8),
       (10, 9),
       (10, 10),
       (12, 11),
       (12, 12),
       (14, 13),
       (14, 14),
       (16, 15),
       (16, 16),
       (18, 17),
       (18, 18),
       (20, 19),
       (20, 20),
       (22, 21),
       (22, 22),
       (24, 23),
       (24, 24),
       (26, 25),
       (26, 26),
       (28, 27),
       (28, 28),
       (30, 29),
       (30, 30),
       (32, 31),
       (32, 32),
       (34, 33),
       (34, 34),
       (36, 35),
       (36, 36),
       (38, 37),
       (38, 38),
       (40, 39),
       (40, 40),
       (42, 41),
       (42, 42),
       (44, 43),
       (44, 44),
       (46, 45),
       (46, 46),
       (48, 47),
       (48, 48),
       (50, 49),
       (50, 50),
       (52, 1),
       (52, 10),
       (54, 2),
       (54, 11),
       (56, 3),
       (56, 12),
       (58, 4),
       (58, 13),
       (60, 5),
       (60, 14),
       (62, 6),
       (62, 15),
       (64, 7),
       (64, 16),
       (66, 8),
       (66, 17),
       (68, 9),
       (68, 18),
       (70, 19),
       (70, 28),
       (72, 20),
       (72, 29),
       (74, 21),
       (74, 30),
       (76, 22),
       (76, 31),
       (78, 23),
       (78, 32),
       (80, 24),
       (80, 33),
       (82, 25),
       (82, 34),
       (84, 26),
       (84, 35),
       (86, 27),
       (86, 36),
       (88, 37),
       (88, 46),
       (90, 38),
       (90, 47),
       (92, 39),
       (92, 48),
       (94, 40),
       (94, 49),
       (96, 41),
       (96, 50),
       (98, 42),
       (98, 1),
       (100, 43),
       (100, 2);

-- free_board_category
insert into letsfutsal.free_board_category (cate_name)
values ('공지사항'),
       ('구장 리뷰'),
       ('경기 소감'),
       ('팀원 모집'),
       ('장비/용품'),
       ('중고거래');

-- free_board
insert into letsfutsal.free_board (cate_id, author_id, title, content, created_at, views)
values (1, 1, '[공지] 서비스 점검 안내', '12월 25일 오전 2시~3시 서비스 점검이 예정되어 있습니다.', '2025-12-01 09:00:00', 320),
       (2, 2, '서울 구장 후기 - 영등포구', '영등포구 구장 상태가 매우 양호했습니다. 조명이 밝고 그라운드 상태 좋음.', '2025-12-02 10:15:00', 45),
       (3, 3, '오늘 경기 소감', '오늘 경기에서 멋진 플레이라인 공유합니다. 수비 라인이 잘 맞았음.', '2025-12-02 12:00:00', 23),
       (4, 4, '팀원 모집합니다 (서울)', '주말 오전 함께 뛸 팀원 모집합니다. 초급자 환영.', '2025-12-03 14:30:00', 12),
       (2, 5, '충남 구장 리뷰', '천안 구장 잔디 상태가 좋아 추천합니다. 주차 편리.', '2025-12-03 16:00:00', 33),
       (3, 6, '경기 소감 - 골 장면 공유', '오늘 넣은 골 영상 공유합니다. 세트피스 연습의 결과.', '2025-12-04 09:50:00', 27),
       (4, 7, '팀원 모집 (여성 팀)', '주중 저녁에 훈련 가능한 여성 골키퍼 구합니다.', '2025-12-04 11:40:00', 10),
       (2, 8, '전북 구장 이용 후기', '전북 구장은 시설 관리가 잘 되어 있습니다. 음수대 있음.', '2025-12-04 13:05:00', 18),
       (3, 9, '1:1 개인 경기 후기', '개인 경기에서 전술적으로 배운 점 공유합니다.', '2025-12-05 15:20:00', 14),
       (4, 10, '새 팀 만들기 안내', '새로운 팀 창단 중입니다. 관심 있으신 분 연락 주세요.', '2025-12-05 17:45:00', 8),
       (2, 11, '서울 구장 이용 팁', '주차가 혼잡하니 대중교통 추천합니다.', '2025-12-06 09:10:00', 20),
       (3, 12, '경기 후기 - 수비 전술', '수비 전술 바꾼 뒤 안정적이었습니다. 경험 공유.', '2025-12-06 11:00:00', 16),
       (4, 13, '팀원 모집 - 공격수', '주말 가능한 윙어나 스트라이커 모집합니다.', '2025-12-06 12:30:00', 9),
       (2, 14, '제주 구장 여행 후기', '제주에서 경기하며 느낀 점과 추천 맛집 공유합니다.', '2025-12-07 14:00:00', 42),
       (3, 15, '오늘의 경기 하이라이트', '경기 중 좋은 장면을 캡쳐해 올립니다.', '2025-12-07 15:30:00', 26),
       (4, 16, '초급자 환영 팀원 모집', '초보자 친화적인 팀에서 함께할 분을 찾습니다.', '2025-12-07 18:00:00', 5),
       (2, 17, '강원 구장 상태', '강원 구장은 바람이 강하지만 시설은 깨끗합니다.', '2025-12-08 09:40:00', 19),
       (3, 18, '경기 소감 - 전술 변화', '전술을 바꿨을 때 경기 흐름이 달라졌습니다.', '2025-12-08 11:50:00', 11),
       (4, 19, '팀원 모집 - 수비수 필요', '주중 저녁 수비수 구합니다. 경험자 우대.', '2025-12-08 13:20:00', 6),
       (2, 20, '구장 사진 공유', '최근 사용한 구장 사진과 접근성 정보 공유합니다.', '2025-12-09 10:00:00', 22),
       (3, 21, '경기 회고', '이번 시즌 마무리 경기 회고합니다. 모두 수고하셨습니다.', '2025-12-09 12:15:00', 28),
       (4, 22, '팀원 모집 - 연습 파트너', '원포지션 연습 파트너 구합니다. 개인훈련도 가능.', '2025-12-09 14:40:00', 7),
       (2, 23, '구장 이용 시간 문의', '주말 예약 가능한 시간 알려주세요.', '2025-12-10 09:05:00', 4),
       (3, 24, '경기 영상 분석', '영상으로 본 개인별 개선점 정리합니다.', '2025-12-10 11:30:00', 13),
       (4, 25, '팀원 모집 - 수비형 미드필더', '수비형 미드필더 모십니다. 체력 중요.', '2025-12-10 13:55:00', 3),
       (2, 26, '전남 구장 후기', '전남 구장 잔디 상태 우수합니다. 추천.', '2025-12-11 09:25:00', 21),
       (3, 27, '팀 경기 소감', '팀 플레이가 향상된 경기였습니다. 피드백 공유.', '2025-12-11 12:10:00', 17),
       (4, 28, '새 멤버 소개', '이번 주 새로 합류한 멤버 소개합니다. 환영해주세요.', '2025-12-11 15:00:00', 9),
       (2, 29, '구장 예약 팁', '예약 취소 정책에 대한 팁 공유합니다.', '2025-12-12 10:45:00', 8),
       (3, 30, '경기 전 워밍업 루틴', '효율적인 워밍업 루틴 나눕니다.', '2025-12-12 12:30:00', 14),
       (4, 31, '팀원 모집 - 골키퍼', '골키퍼 필요합니다. 경험자 우대.', '2025-12-12 16:20:00', 11),
       (2, 32, '충북 구장 장점', '주변 편의시설 좋습니다. 접근성 우수.', '2025-12-13 09:00:00', 19),
       (3, 33, '친선 경기 후기', '친선 경기 결과와 다음 경기 일정 공유.', '2025-12-13 11:10:00', 12),
       (4, 34, '팀 소개', '우리 팀 소개와 훈련 스케줄입니다.', '2025-12-13 14:00:00', 6),
       (2, 35, '전북 구장 사진', '전북 구장 위치와 사진 올립니다.', '2025-12-14 09:35:00', 20),
       (3, 36, '경기 전술 토의', '다음 경기 전술에 대해 의견 받습니다.', '2025-12-14 11:50:00', 15),
       (4, 37, '팀원 모집 - 공격수', '주말 공격수 모집합니다. 활동비 안내.', '2025-12-14 13:40:00', 4),
       (2, 38, '구장 시설 불만', '조명 불량에 대한 문제 제기입니다.', '2025-12-15 10:20:00', 27),
       (3, 39, '개인 훈련 팁', '볼 컨트롤 향상 팁 공유합니다.', '2025-12-15 12:30:00', 18),
       (4, 40, '새 경기 일정 공지', '다음 주 경기 일정 공지합니다.', '2025-12-15 15:00:00', 9),
       (2, 41, '제주 구장 예약 방법', '제주 구장 예약 팁과 추천 시간 공유.', '2025-12-16 09:10:00', 33),
       (3, 42, '경기 후기 - 승리', '어제 경기 승리 소감 나눕니다.', '2025-12-16 11:20:00', 26),
       (4, 43, '팀 연습 계획', '다음 달 연습 계획 올립니다.', '2025-12-16 13:45:00', 10),
       (2, 44, '구장 주변 맛집', '구장 주변 추천 식당 공유.', '2025-12-17 09:05:00', 44),
       (3, 45, '경기 팁 - 수비', '수비 포지셔닝 팁 공유합니다.', '2025-12-17 11:15:00', 21),
       (4, 46, '팀원 모집 - 초급자 환영', '초보자도 환영하는 팀입니다.', '2025-12-17 14:00:00', 5),
       (2, 47, '구장 이용 후기 - 날씨 영향', '야외구장 날씨 영향과 대비법 공유.', '2025-12-18 10:50:00', 14),
       (3, 48, '경기 소감 - 패배 분석', '패배 원인 분석 및 개선점 공유.', '2025-12-18 12:40:00', 17),
       (4, 49, '팀 합동 훈련 후기', '합동 훈련에서 배운 점 나눕니다.', '2025-12-18 15:30:00', 8),
       (2, 50, '구장 예약 후기', '빠른 예약 팁 및 노하우 공유.', '2025-12-19 09:00:00', 22),
       (3, 51, '경기 스코어 분석', '최근 경기 스코어와 분석 결과 공유.', '2025-12-19 11:10:00', 18),
       (4, 52, '팀 소개 - 전북 드리미', '전북 기반의 활동 소개.', '2025-12-19 13:30:00', 7),
       (2, 53, '장비 추천 - 축구화', '가성비 좋은 축구화 추천합니다.', '2025-12-20 09:00:00', 55),
       (3, 54, '중고장터 - 볼 판매', '사용감 적은 훈련용 볼 판매합니다.', '2025-12-20 11:00:00', 41),
       (4, 55, '경기 소감 - 드리블', '오늘 드리블 연습 효과 좋았습니다.', '2025-12-20 13:00:00', 12),
       (2, 56, '구장 관리 팁', '구장 사용 후 정리 팁 공유합니다.', '2025-12-21 09:05:00', 16),
       (3, 57, '경기 포메이션 변경', '포메이션 변경 후 공격 성공률 증가.', '2025-12-21 11:30:00', 19),
       (4, 58, '팀원 모집 - 여성 미드필더', '주중 연습 가능한 여성 미드필더 찾습니다.', '2025-12-21 14:10:00', 6),
       (2, 59, '전남 구장 후기 - 접근성', '전남 구장 접근성 좋습니다.', '2025-12-21 16:00:00', 24),
       (3, 60, '경기 초반 전략', '초반 압박의 중요성에 대해 공유.', '2025-12-22 09:15:00', 15),
       (4, 61, '팀원 모집 - 트레이너', '팀 트레이너 모집합니다. 스포츠 관련 자격증 우대.', '2025-12-22 11:40:00', 3),
       (2, 62, '구장 예약 시스템 문의', '예약 시스템 이용법 질문 있습니다.', '2025-12-22 13:50:00', 4),
       (3, 63, '경기 소감 - 페널티킥', '페널티킥 성공 팁 공유합니다.', '2025-12-23 09:25:00', 14),
       (4, 64, '새 멤버 환영합니다', '이번 달 새 멤버 환영 글입니다.', '2025-12-23 11:50:00', 9),
       (2, 65, '구장 조명 교체 요청', '야간 조명 개선 요청합니다.', '2025-12-23 14:05:00', 27),
       (3, 66, '경기 분석 - 패스루트', '효율적인 패스 루트 분석 내용 공유.', '2025-12-24 09:00:00', 12),
       (4, 67, '팀원 모집 - 스트라이커', '주말 공격수 모십니다. 경험자 우대.', '2025-12-24 11:30:00', 8),
       (2, 68, '구장 안전 수칙', '안전사고 예방 수칙 공유합니다.', '2025-12-24 14:30:00', 16),
       (3, 69, '경기 소감 - 세트피스', '세트피스 연습의 효과 공유.', '2025-12-25 10:10:00', 21),
       (4, 70, '팀 소개 - 제주 스타즈', '제주 기반 팀 소개 및 활동 공유.', '2025-12-25 12:40:00', 34),
       (2, 71, '중고장터 - 풋살공', '사용감 적은 풋살공 판매합니다.', '2025-12-25 15:00:00', 29),
       (3, 72, '경기 팁 - 체력관리', '경기 후 회복법과 체력관리 팁 공유.', '2025-12-26 09:20:00', 17),
       (4, 73, '팀원 모집 - 스태프', '운영 스태프 모집합니다. 관심자 연락 주세요.', '2025-12-26 11:45:00', 5),
       (2, 74, '구장 이용 규칙 변경 안내', '구장 측에서 이용 규칙 변경 안내 받았습니다.', '2025-12-26 14:10:00', 13),
       (3, 75, '경기 후기 - 골대 근처', '골대 근처 상황 처리 팁 공유.', '2025-12-26 16:30:00', 12),
       (4, 76, '팀원 모집 - 초보자 친화', '초보자 친화 팀에서 함께하실 분 환영.', '2025-12-27 09:00:00', 6),
       (2, 77, '구장 보수 공지', '다음 주 구장 보수로 이용 제한 안내.', '2025-12-27 11:15:00', 30),
       (3, 78, '경기 소감 - 승부차기', '승부차기 경험 공유 및 팁.', '2025-12-27 13:40:00', 18),
       (4, 79, '새로운 연습 프로그램', '효율적인 연습 프로그램 소개합니다.', '2025-12-27 15:55:00', 9),
       (2, 80, '구장 예약 할인 정보', '단체 예약 시 할인 정보 공유.', '2025-12-28 09:05:00', 25),
       (3, 81, '경기 분석 - 선수 포지션', '포지션별 역할 정리 공유.', '2025-12-28 11:30:00', 14),
       (4, 82, '팀원 모집 - 베테랑', '경험 많은 베테랑 선수 모집합니다.', '2025-12-28 14:20:00', 7),
       (2, 83, '구장 사진 - 야간 경기', '야간 경기 사진과 조명 상태 공유.', '2025-12-29 09:00:00', 32),
       (3, 84, '경기 소감 - 팀워크', '팀워크가 좋았던 경기 후기 공유.', '2025-12-29 11:15:00', 19),
       (4, 85, '장비 추천 - 보호대', '발 보호대 추천 리스트 공유.', '2025-12-29 13:40:00', 21),
       (2, 86, '중고장터 - 축구화 판매', '상태 좋은 축구화 판매합니다. 사이즈 270', '2025-12-29 16:00:00', 38),
       (3, 87, '연습 기록 공유', '연습 스케줄과 기록 공유합니다.', '2025-12-30 09:05:00', 11),
       (4, 88, '팀원 모집 - 주중 모임', '주중 저녁 활동 가능한 멤버 구합니다.', '2025-12-30 11:20:00', 6),
       (2, 89, '구장 후기 - 접근성', '공간과 접근성에 대한 후기입니다.', '2025-12-30 14:05:00', 20),
       (3, 90, '경기 하이라이트 영상', '최근 경기 하이라이트 영상 공유합니다.', '2025-12-30 16:30:00', 29),
       (4, 91, '팀원 모집 - 유소년', '유소년 팀에 관심 있는 분 연락 주세요.', '2025-12-31 09:00:00', 7),
       (2, 92, '구장 예약 팁 - 주말', '주말 예약 팁과 대기 방법 공유.', '2025-12-31 11:10:00', 18),
       (3, 93, '경기 회고 - 시즌 정리', '시즌 마무리 회고와 기록 정리.', '2025-12-31 13:40:00', 24),
       (4, 94, '장비 교환 요청', '교환 가능한 장비 요청 게시글입니다.', '2025-12-31 15:55:00', 15),
       (2, 95, '구장 상태 사진', '최근 구장 상태 사진 업로드합니다.', '2026-01-01 09:00:00', 28),
       (3, 96, '경기 팁 - 킥 정확도', '킥 정확도 향상 훈련법 공유.', '2026-01-01 11:20:00', 16),
       (4, 97, '팀원 모집 - 실내풋살', '실내풋살 위주의 팀원 모집합니다.', '2026-01-01 14:15:00', 5),
       (2, 98, '중고장터 - 풋살화', '풋살화 판매합니다. 사이즈 260', '2026-01-02 09:10:00', 33),
       (3, 99, '구장 운영자 문의', '구장 운영자에게 질문드립니다.', '2026-01-02 11:35:00', 12),
       (4, 100, '새해 인사', '새해 복 많이 받으세요. 활동 계획 공유합니다.', '2026-01-02 13:50:00', 47);

-- free_board_comment
insert into letsfutsal.free_board_comment (article_id, author_id, parent_id, content, created_at, is_deleted)
values (1, 2, null, '점검 정보 감사합니다. 일정 확인했습니다.', '2025-12-01 09:30:00', false),
       (1, 3, 1, '저도 확인했습니다. 이용에 참고하겠습니다.', '2025-12-01 10:00:00', false),
       (2, 4, null, '영등포구장 좋아보이네요. 사진 더 올려주실 수 있나요?', '2025-12-02 10:30:00', false),
       (3, 5, null, '멋진 경기였어요. 세부 전술 공유해주셔서 감사합니다.', '2025-12-02 12:30:00', false),
       (4, 6, null, '저도 참여하고 싶습니다. 연락처 공유 가능할까요?', '2025-12-03 14:50:00', false),
       (4, 4, 4, '쪽지 드리겠습니다.', '2025-12-03 15:10:00', false),
       (5, 7, null, '천안구장 주차편의는 어땠나요?', '2025-12-03 16:20:00', false),
       (6, 8, null, '골 축하드립니다! 영상 링크 공유 부탁드려요.', '2025-12-04 10:00:00', false),
       (6, 3, 7, '영상 링크 추가했습니다.', '2025-12-04 10:30:00', false),
       (7, 9, null, '골키퍼 관련 정보가 있으면 공유 부탁드립니다.', '2025-12-04 11:00:00', false),
       (8, 10, null, '전북 방문 계획 중인데 참고하겠습니다.', '2025-12-04 13:30:00', false),
       (9, 11, null, '1:1 경기 좋은 경험이네요. 상대 수준은 어땠나요?', '2025-12-05 15:40:00', false),
       (10, 12, null, '창단 응원합니다. 관심있습니다.', '2025-12-05 18:00:00', false),
       (20, 13, null, '구장 사진 감사합니다. 접근성 좋아보이네요.', '2025-12-09 10:20:00', false),
       (20, 14, 12, '주차가 조금 불편했던 기억이 있습니다.', '2025-12-09 10:45:00', false),
       (23, 15, null, '예약 가능한 시간 알려주시면 감사하겠습니다.', '2025-12-10 09:20:00', false),
       (25, 16, null, '미드필더 모집, 위치와 시간 알려주세요.', '2025-12-10 14:00:00', false),
       (33, 17, null, '친선 경기 언제하셨나요? 참여 가능할까요?', '2025-12-13 11:20:00', false),
       (33, 13, 17, '다음 주 토요일 예정입니다. 연락 주세요.', '2025-12-13 11:50:00', false),
       (53, 18, null, '추천 감사합니다. 사이즈별로 정리해주실 수 있나요?', '2025-12-20 09:15:00', false),
       (54, 19, null, '볼 상태와 가격 알려주세요.', '2025-12-20 11:10:00', false),
       (54, 20, 19, '문의주시면 쪽지로 사진 보내드리겠습니다.', '2025-12-20 11:25:00', false),
       (70, 21, null, '제주팀 소개 흥미롭네요. 가입 조건은 무엇인가요?', '2025-12-25 13:00:00', false),
       (70, 22, 21, '문의 주시면 상세 안내 드리겠습니다.', '2025-12-25 13:20:00', false),
       (86, 23, null, '풋살화 사진 올려주실 수 있나요?', '2025-12-29 16:10:00', false),
       (86, 24, 23, '사진올렸습니다. 실측 270입니다.', '2025-12-29 16:40:00', false),
       (1, 25, null, '점검시간 공지 감사합니다.', '2025-12-01 11:00:00', false),
       (1, 2, 25, '네, 이용에 참고하겠습니다.', '2025-12-01 11:20:00', false),
       (1, 3, 26, '점검 후 상태 공유 부탁드립니다.', '2025-12-01 11:45:00', false),
       (100, 26, null, '새해 복 많이 받으세요!', '2026-01-02 14:00:00', false);
